{
    "loss": 12.512628555297852,
    "accuracy": 0.4313725531101227
}