{
    "loss": 21.545804977416992,
    "accuracy": 0.5686274766921997
}